GEOID,tract_name,total_population,pct_households_no_vehicle,pct_people_below_poverty,pct_age_65_plus,pct_disabled,median_household_income,race_ethnicity_total_population,non_hispanic_white_alone,non_hispanic_black_alone,non_hispanic_asian_alone,hispanic_or_latino,pct_people_of_color,pct_households_no_vehicle_z,pct_people_below_poverty_z,pct_age_65_plus_z,pct_disabled_z,transit_need_index,transit_need_percentile,transit_need_quartile
24031700101,Census Tract 7001.01; Montgomery County; Maryland,4783.0,0.4,4.3,22.4,13.4,192854.0,4783.0,3101.0,469.0,353.0,618.0,35.16621367342672,-0.9456028963567611,-0.5358702182791145,0.4730833822651437,0.8417534400183159,-0.04165907308810404,0.5905172413793104,moderate_high
24031700103,Census Tract 7001.03; Montgomery County; Maryland,5515.0,2.8,3.0,23.0,9.8,211250.0,5515.0,3128.0,804.0,771.0,611.0,43.28195829555757,-0.643669364591969,-0.7543030576262978,0.5324908760056112,0.04157989904028594,-0.20597541179309242,0.4870689655172414,moderate_low
24031700104,Census Tract 7001.04; Montgomery County; Maryland,4778.0,3.3,12.6,15.2,8.1,99913.0,4778.0,1123.0,1440.0,461.0,1609.0,76.49644202595228,-0.580766545474304,0.8587394483221327,-0.23980654262046394,-0.33627982864378403,-0.07452836710410482,0.5775862068965517,moderate_high
24031700105,Census Tract 7001.05; Montgomery County; Maryland,6929.0,4.7,4.8,11.5,7.6,127711.0,6929.0,1905.0,2268.0,861.0,989.0,72.50685524606726,-0.40463865194484183,-0.4518575877609671,-0.6061527540200122,-0.4474150426685104,-0.4775160090985829,0.1853448275862069,low
24031700204,Census Tract 7002.04; Montgomery County; Maryland,2304.0,0.9,5.8,29.1,18.7,130285.0,2304.0,1709.0,96.0,25.0,287.0,25.82465277777778,-0.882700077239096,-0.2838323267246723,1.136467062367029,2.0197867086804155,0.49743034177091905,0.8362068965517241,high
24031700206,Census Tract 7002.06; Montgomery County; Maryland,5508.0,3.3,3.3,14.3,9.3,159932.0,5508.0,3324.0,406.0,446.0,828.0,39.651416122004356,-0.580766545474304,-0.7038954793154094,-0.3289177832311648,-0.06955531498444045,-0.4207837807513296,0.2413793103448276,low
24031700207,Census Tract 7002.07; Montgomery County; Maryland,5827.0,1.8,5.8,11.9,7.3,122267.0,5827.0,2357.0,714.0,402.0,1789.0,59.550368972026774,-0.7694750028272991,-0.2838323267246723,-0.566547758193034,-0.5140961710833463,-0.5334878147070878,0.1206896551724138,low
24031700208,Census Tract 7002.08; Montgomery County; Maryland,2746.0,2.1,3.4,18.6,16.2,155114.0,2746.0,1766.0,131.0,205.0,477.0,35.68827385287691,-0.7317333113567001,-0.68709295321178,0.09683592190885101,1.4641106385567835,0.03553007397428859,0.6336206896551724,moderate_high
24031700209,Census Tract 7002.09; Montgomery County; Maryland,4716.0,0.0,1.3,19.8,7.3,193737.0,4716.0,3188.0,405.0,223.0,569.0,32.40033927056828,-0.9959251516508931,-1.039946001387999,0.21565090938978557,-0.5140961710833463,-0.5835791036831132,0.08189655172413793,low
24031700210,Census Tract 7002.10; Montgomery County; Maryland,8741.0,5.1,5.4,10.5,6.4,166667.0,8741.0,1848.0,1411.0,3650.0,1208.0,78.85825420432445,-0.35431639665070985,-0.35104243113919015,-0.7051652435874578,-0.7141395563278536,-0.5311659069263028,0.125,low
24031700306,Census Tract 7003.06; Montgomery County; Maryland,7880.0,5.1,3.1,10.7,7.4,147210.0,7880.0,2145.0,1612.0,1894.0,1465.0,72.77918781725889,-0.35431639665070985,-0.7375005315226683,-0.6853627456739687,-0.49186912827840085,-0.5672622005314368,0.10344827586206896,low
24031700308,Census Tract 7003.08; Montgomery County; Maryland,6769.0,7.0,5.5,11.6,5.7,128568.0,6769.0,2176.0,1375.0,981.0,1531.0,67.85344954941645,-0.1152856840035827,-0.3342399050355607,-0.5962515050632677,-0.8697288559624706,-0.4788764875162205,0.1810344827586207,low
24031700309,Census Tract 7003.09; Montgomery County; Maryland,5889.0,9.0,12.9,14.9,9.8,95424.0,5889.0,1172.0,2274.0,704.0,1397.0,80.09848870776023,0.13632559246707743,0.9091470266330213,-0.2695102894906975,0.04157989904028594,0.20438555716242177,0.7370689655172413,moderate_high
24031700310,Census Tract 7003.10; Montgomery County; Maryland,6580.0,5.6,12.4,8.3,9.8,95767.0,6580.0,2063.0,1852.0,1389.0,1018.0,68.64741641337386,-0.29141357753304487,0.8251343961148738,-0.9229927206358378,0.04157989904028594,-0.08692300075343073,0.5732758620689655,moderate_high
24031700313,Census Tract 7003.13; Montgomery County; Maryland,3905.0,3.0,4.8,9.2,6.1,119646.0,3905.0,1000.0,1674.0,935.0,190.0,74.39180537772087,-0.618508236944903,-0.4518575877609671,-0.8338814800251371,-0.7808206847426896,-0.6712669973684242,0.05172413793103448,low
24031700314,Census Tract 7003.14; Montgomery County; Maryland,3616.0,0.0,1.6,20.7,9.6,205988.0,3616.0,993.0,473.0,1660.0,459.0,72.53871681415929,-0.9959251516508931,-0.9895384230771106,0.3047621500004864,-0.0028741865696048567,-0.4208939028242805,0.23706896551724138,low
24031700315,Census Tract 7003.15; Montgomery County; Maryland,6286.0,1.9,2.5,8.7,5.4,221090.0,6286.0,1355.0,787.0,3045.0,599.0,78.44416162901686,-0.756894439003766,-0.8383156881444452,-0.8833877248088597,-0.9364099843773064,-0.8537519590835942,0.008620689655172414,low
24031700316,Census Tract 7003.16; Montgomery County; Maryland,3997.0,4.8,4.4,9.4,8.5,160750.0,3997.0,716.0,595.0,1346.0,1069.0,82.08656492369278,-0.3920580881213089,-0.519067692175485,-0.8140789821116479,-0.24737165742400283,-0.4931441049581111,0.16810344827586207,low
24031700317,Census Tract 7003.17; Montgomery County; Maryland,8670.0,5.6,4.4,10.1,4.1,183355.0,8670.0,3024.0,1286.0,2796.0,1196.0,65.12110726643598,-0.29141357753304487,-0.519067692175485,-0.744770239414436,-1.2253615408415952,-0.6951532624911403,0.03879310344827586,low
24031700318,Census Tract 7003.18; Montgomery County; Maryland,3643.0,0.7,5.3,8.2,7.6,155592.0,3643.0,1359.0,641.0,870.0,542.0,62.69558056546802,-0.9078612048861621,-0.3678449572428197,-0.9328939695925825,-0.4474150426685104,-0.6640037935975187,0.05603448275862069,low
24031700400,Census Tract 7004; Montgomery County; Maryland,2462.0,0.6,2.6,19.0,10.8,213000.0,2462.0,1659.0,251.0,63.0,419.0,32.6157595450853,-0.9204417687096952,-0.8215131620408157,0.1364409177358291,0.2638503270897387,-0.3354159214812358,0.34051724137931033,moderate_low
24031700500,Census Tract 7005; Montgomery County; Maryland,7428.0,0.6,7.8,17.7,12.2,181360.0,7428.0,5262.0,182.0,460.0,948.0,29.159935379644587,-0.9204417687096952,0.05221819534791743,0.007724681298149841,0.5750289263589723,-0.07136749142616391,0.5818965517241379,moderate_high
24031700604,Census Tract 7006.04; Montgomery County; Maryland,7051.0,2.1,1.2,18.3,5.7,232135.0,7051.0,5034.0,117.0,1136.0,518.0,28.605871507587576,-0.7317333113567001,-1.0567485274916286,0.06713217503861729,-0.8697288559624706,-0.6477696299430454,0.0603448275862069,low
24031700606,Census Tract 7006.06; Montgomery County; Maryland,4164.0,2.0,3.9,23.5,5.9,186154.0,4164.0,1883.0,454.0,1520.0,99.0,54.7790585975024,-0.7443138751802331,-0.6030803226936324,0.5819971207893339,-0.82527477035258,-0.3976679618592779,0.2801724137931034,moderate_low
24031700608,Census Tract 7006.08; Montgomery County; Maryland,5632.0,1.8,2.0,22.8,9.7,250001.0,5632.0,2841.0,306.0,1878.0,362.0,49.55610795454545,-0.7694750028272991,-0.9223283186625927,0.5126883780921221,0.019352856235340343,-0.2899405217906073,0.39655172413793105,moderate_low
24031700610,Census Tract 7006.10; Montgomery County; Maryland,2015.0,0.4,1.9,26.0,7.6,163810.0,2015.0,1206.0,93.0,307.0,321.0,40.148883374689824,-0.9456028963567611,-0.9391308447662222,0.8295283447079477,-0.4474150426685104,-0.37565510977088645,0.29310344827586204,moderate_low
24031700611,Census Tract 7006.11; Montgomery County; Maryland,5678.0,0.3,3.8,16.7,9.7,231417.0,5678.0,1187.0,627.0,3152.0,465.0,79.09475167312434,-0.9581834601802942,-0.619882848797262,-0.09128780826929567,0.019352856235340343,-0.41250031525287784,0.25,low
24031700613,Census Tract 7006.13; Montgomery County; Maryland,6495.0,3.6,2.7,16.9,13.6,152636.0,6495.0,2123.0,1227.0,2268.0,575.0,67.31331793687451,-0.5430248540037049,-0.8047106359371863,-0.07148531035580664,0.8862075256282063,-0.13325331866712287,0.5387931034482759,moderate_high
24031700614,Census Tract 7006.14; Montgomery County; Maryland,5812.0,3.3,6.1,16.5,16.7,91402.0,5812.0,1668.0,1694.0,552.0,1605.0,71.30075705437027,-0.580766545474304,-0.23342474841378386,-0.1110903061827847,1.5752458525815098,0.16249106312765935,0.7068965517241379,moderate_high
24031700615,Census Tract 7006.15; Montgomery County; Maryland,3023.0,1.7,4.6,21.7,7.6,206898.0,3023.0,1924.0,108.0,564.0,192.0,36.35461462123718,-0.782055566650832,-0.48546263996822614,0.4037746395679319,-0.4474150426685104,-0.3277896524299092,0.3448275862068966,moderate_low
24031700616,Census Tract 7006.16; Montgomery County; Maryland,5002.0,3.6,4.8,24.7,8.1,166458.0,5002.0,2579.0,248.0,1410.0,510.0,48.4406237504998,-0.5430248540037049,-0.4518575877609671,0.7008121082702684,-0.33627982864378403,-0.1575875405345469,0.5258620689655172,moderate_high
24031700617,Census Tract 7006.17; Montgomery County; Maryland,1872.0,5.1,6.8,21.6,6.3,168000.0,1872.0,666.0,106.0,944.0,35.0,64.42307692307692,-0.35431639665070985,-0.11580706568837743,0.39387339061118753,-0.736366599132799,-0.2031541677151747,0.4956896551724138,moderate_low
24031700618,Census Tract 7006.18; Montgomery County; Maryland,5606.0,1.5,1.7,19.5,4.7,214213.0,5606.0,1555.0,325.0,3212.0,306.0,72.26186229040314,-0.8072166942978981,-0.9727358969734812,0.18594716251955185,-1.0919992840119235,-0.6715011781909377,0.04741379310344827,low
24031700706,Census Tract 7007.06; Montgomery County; Maryland,4324.0,8.3,5.2,8.2,8.4,100907.0,4324.0,926.0,1032.0,704.0,1314.0,78.58464384828862,0.04826164570234647,-0.3846474833464491,-0.9328939695925825,-0.26959870022894805,-0.38471962686640826,0.28448275862068967,moderate_low
24031700710,Census Tract 7007.10; Montgomery County; Maryland,6395.0,1.3,2.5,16.7,10.8,127837.0,6395.0,2032.0,433.0,1173.0,2293.0,68.22517591868647,-0.8323778219449641,-0.8383156881444452,-0.09128780826929567,0.2638503270897387,-0.37453274781724155,0.2974137931034483,moderate_low
24031700711,Census Tract 7007.11; Montgomery County; Maryland,7102.0,5.7,3.4,15.7,8.2,124107.0,7102.0,2083.0,1342.0,1790.0,1477.0,70.6702337369755,-0.27883301370951175,-0.68709295321178,-0.19030029783674118,-0.31405278583883883,-0.367569762649218,0.30603448275862066,moderate_low
24031700713,Census Tract 7007.13; Montgomery County; Maryland,4932.0,13.6,27.2,7.1,9.4,55106.0,4932.0,587.0,827.0,996.0,2446.0,88.09813463098135,0.7150315283495957,3.3119082594520375,-1.0418077081167725,-0.04732827217949526,0.7344509518763414,0.8922413793103449,high
24031700715,Census Tract 7007.15; Montgomery County; Maryland,6461.0,1.6,9.6,11.6,10.1,106955.0,6461.0,775.0,792.0,901.0,3531.0,88.00495279368519,-0.7946361304743651,0.35466366521324816,-0.5962515050632677,0.10826102745512153,-0.2319907357173158,0.46120689655172414,moderate_low
24031700718,Census Tract 7007.18; Montgomery County; Maryland,5991.0,9.7,7.8,32.1,18.2,133304.0,5991.0,2654.0,675.0,1371.0,703.0,55.7002169921549,0.22438953923180838,0.05221819534791743,1.4335045310693655,1.908651494655689,0.9046909400761951,0.9181034482758621,high
24031700720,Census Tract 7007.20; Montgomery County; Maryland,3437.0,4.7,8.5,19.9,16.1,164500.0,3437.0,625.0,829.0,423.0,1289.0,81.8155368053535,-0.40463865194484183,0.16983587807332387,0.2255521583465299,1.4418835957518386,0.3581582450567126,0.8146551724137931,high
24031700721,Census Tract 7007.21; Montgomery County; Maryland,3732.0,5.2,25.7,16.0,17.3,71701.0,3732.0,949.0,320.0,457.0,1752.0,74.57127545551982,-0.3417358328271768,3.059870367897595,-0.16059655096650746,1.7086081094111818,1.0665365233787731,0.9525862068965517,high
24031700723,Census Tract 7007.23; Montgomery County; Maryland,4291.0,34.3,14.5,40.5,25.0,113600.0,4291.0,2329.0,711.0,328.0,860.0,45.72360755068748,3.3192082398209277,1.177987444291093,2.2652094434359076,3.420090405391968,2.545623883234974,0.9913793103448276,high
24031700724,Census Tract 7007.24; Montgomery County; Maryland,3640.0,14.6,14.7,6.8,14.7,70103.0,3640.0,501.0,638.0,578.0,1923.0,86.23626373626374,0.8408371665849258,1.2115924964983518,-1.0715114549870062,1.1307049964826044,0.527905801144719,0.8405172413793104,high
24031700725,Census Tract 7007.25; Montgomery County; Maryland,6313.0,23.2,9.3,6.5,10.5,72104.0,6313.0,827.0,857.0,243.0,4284.0,86.90004752098844,1.9227656554087642,0.30425608690235983,-1.1012152018572399,0.19716919867490273,0.33074393478219677,0.7974137931034483,high
24031700726,Census Tract 7007.26; Montgomery County; Maryland,3124.0,0.0,5.2,13.6,3.2,87298.0,3124.0,483.0,493.0,1004.0,821.0,84.53905249679897,-0.9959251516508931,-0.3846474833464491,-0.3982265259283767,-1.4254049260861026,-0.8010510217529554,0.017241379310344827,low
24031700727,Census Tract 7007.27; Montgomery County; Maryland,2251.0,14.3,16.3,15.7,18.7,90417.0,2251.0,371.0,59.0,149.0,1583.0,83.51843625055531,0.8030954751143269,1.4804329141564236,-0.19030029783674118,2.0197867086804155,1.028253700028606,0.9439655172413793,high
24031700728,Census Tract 7007.28; Montgomery County; Maryland,2069.0,18.1,15.3,20.0,11.6,107250.0,2069.0,762.0,327.0,435.0,453.0,63.17061382310295,1.2811569004085812,1.312407653120129,0.2354534073032746,0.4416666695293007,0.8176711575903214,0.9051724137931034,high
24031700729,Census Tract 7007.29; Montgomery County; Maryland,2924.0,2.2,17.7,19.0,8.0,110855.0,2924.0,426.0,473.0,881.0,950.0,85.43091655266758,-0.719152747533167,1.7156682796072362,0.1364409177358291,-0.3585068714487292,0.19361239459029228,0.7241379310344828,moderate_high
24031700730,Census Tract 7007.30; Montgomery County; Maryland,5076.0,2.2,9.2,18.3,8.3,125574.0,5076.0,1625.0,640.0,679.0,1572.0,67.98660362490149,-0.719152747533167,0.28745356079873013,0.06713217503861729,-0.29182574303389325,-0.1640981886824282,0.5086206896551724,moderate_high
24031700731,Census Tract 7007.31; Montgomery County; Maryland,4007.0,15.9,22.7,8.0,13.4,103148.0,4007.0,574.0,655.0,256.0,2190.0,85.67506862989768,1.004384496290855,2.5557945847887105,-0.9526964675060716,0.8417534400183159,0.8623090133979524,0.9137931034482759,high
24031700732,Census Tract 7007.32; Montgomery County; Maryland,3263.0,10.2,14.7,11.2,8.9,92500.0,3263.0,328.0,532.0,266.0,2099.0,89.94790070487282,0.2872923583494734,1.2115924964983518,-0.635856500890246,-0.15846348620422165,0.1761412169383394,0.7112068965517241,moderate_high
24031700733,Census Tract 7007.33; Montgomery County; Maryland,4860.0,9.0,5.7,10.3,9.1,90134.0,4860.0,946.0,1576.0,713.0,1486.0,80.53497942386831,0.13632559246707743,-0.3006348528283017,-0.7249677415009468,-0.11400940059433125,-0.25082160061412556,0.44396551724137934,moderate_low
24031700810,Census Tract 7008.10; Montgomery County; Maryland,6024.0,2.4,5.5,19.2,7.7,170245.0,6024.0,1356.0,1562.0,620.0,2155.0,77.49003984063745,-0.6939916198861009,-0.3342399050355607,0.15624341564931812,-0.42518799986356504,-0.32429402728397716,0.34913793103448276,moderate_low
24031700811,Census Tract 7008.11; Montgomery County; Maryland,4615.0,12.8,8.7,13.1,9.3,116905.0,4615.0,689.0,1583.0,588.0,1322.0,85.07042253521126,0.6143870177613318,0.20344093028058272,-0.4477327707120995,-0.06955531498444045,0.07513496558634364,0.6767241379310345,moderate_high
24031700812,Census Tract 7008.12; Montgomery County; Maryland,4513.0,15.2,9.6,19.6,15.1,88954.0,4513.0,1600.0,747.0,926.0,1060.0,64.54686461333924,0.9163205495261237,0.35466366521324816,0.19584841147629653,1.2196131677023854,0.6716114484795135,0.8836206896551724,high
24031700813,Census Tract 7008.13; Montgomery County; Maryland,5455.0,0.7,7.5,15.1,10.3,106528.0,5455.0,1596.0,964.0,721.0,1515.0,70.74243813015582,-0.9078612048861621,0.0018106170370290034,-0.24970779157720846,0.15271511306501231,-0.2507608165903323,0.4482758620689655,moderate_low
24031700815,Census Tract 7008.15; Montgomery County; Maryland,7809.0,3.0,16.1,9.4,10.4,110871.0,7809.0,1141.0,2455.0,1457.0,2572.0,85.38865411704444,-0.618508236944903,1.4468278619491648,-0.8140789821116479,0.17494215586995754,0.04729569969064287,0.646551724137931,moderate_high
24031700818,Census Tract 7008.18; Montgomery County; Maryland,6356.0,36.7,14.5,4.6,9.0,88590.0,6356.0,753.0,2378.0,651.0,1998.0,88.1529263687854,3.6211417715857204,1.177987444291093,-1.2893389320353863,-0.13623644339927646,0.8433884601105375,0.9094827586206896,high
24031700819,Census Tract 7008.19; Montgomery County; Maryland,6669.0,1.7,4.7,10.9,12.9,103155.0,6669.0,1737.0,1918.0,977.0,1620.0,73.95411605937922,-0.782055566650832,-0.46866011386459655,-0.6655602477604795,0.7306182259935895,-0.2964144255705796,0.3879310344827586,moderate_low
24031700820,Census Tract 7008.20; Montgomery County; Maryland,3548.0,16.5,10.1,9.4,7.1,92560.0,3548.0,462.0,592.0,497.0,1917.0,86.97857948139797,1.0798678792320529,0.43867629573139555,-0.8140789821116479,-0.5585502566932368,0.03647873403964097,0.6379310344827587,moderate_high
24031700822,Census Tract 7008.22; Montgomery County; Maryland,1555.0,10.1,24.4,17.6,12.2,48693.0,1555.0,485.0,474.0,268.0,292.0,68.81028938906752,0.27471179452594047,2.8414375285504114,-0.0021765676585944987,0.5750289263589723,0.9222504204441825,0.9310344827586207,high
24031700823,Census Tract 7008.23; Montgomery County; Maryland,3373.0,6.1,6.8,14.7,10.2,165568.0,3373.0,1509.0,600.0,560.0,526.0,55.26237770530685,-0.22851075841537982,-0.11580706568837743,-0.2893127874041867,0.13048807026006673,-0.12578563531196932,0.5431034482758621,moderate_high
24031700824,Census Tract 7008.24; Montgomery County; Maryland,2703.0,0.7,3.3,14.7,7.8,225038.0,2703.0,1754.0,109.0,504.0,111.0,35.10913799482057,-0.9078612048861621,-0.7038954793154094,-0.2893127874041867,-0.40296095705861984,-0.5760076071660946,0.09482758620689655,low
24031700826,Census Tract 7008.26; Montgomery County; Maryland,6101.0,2.9,1.1,13.6,11.7,173188.0,6101.0,4102.0,80.0,1266.0,322.0,32.76512047205376,-0.6310888007684359,-1.073551053595258,-0.3982265259283767,0.4638937123342459,-0.4097431669894561,0.2543103448275862,moderate_low
24031700828,Census Tract 7008.28; Montgomery County; Maryland,2076.0,2.9,1.2,17.8,4.7,220714.0,2076.0,1178.0,121.0,452.0,194.0,43.25626204238921,-0.6310888007684359,-1.0567485274916286,0.017625930254894534,-1.0919992840119235,-0.6905526705042734,0.04310344827586207,low
24031700829,Census Tract 7008.29; Montgomery County; Maryland,3299.0,4.8,5.5,21.5,11.4,152283.0,3299.0,1527.0,217.0,966.0,326.0,53.71324643831464,-0.3920580881213089,-0.3342399050355607,0.3839721416544429,0.39721258391941033,0.013721683104245902,0.625,moderate_high
24031700830,Census Tract 7008.30; Montgomery County; Maryland,2516.0,15.9,10.1,9.7,10.9,83537.0,2516.0,319.0,874.0,652.0,420.0,87.32114467408584,1.004384496290855,0.43867629573139555,-0.7843752352414143,0.2860773698946839,0.23619073166888002,0.7586206896551724,high
24031700832,Census Tract 7008.32; Montgomery County; Maryland,3004.0,8.3,13.9,10.3,11.4,80417.0,3004.0,676.0,401.0,147.0,1739.0,77.49667110519307,0.04826164570234647,1.0771722876693162,-0.7249677415009468,0.39721258391941033,0.1994196939475315,0.728448275862069,moderate_high
24031700833,Census Tract 7008.33; Montgomery County; Maryland,4027.0,13.8,15.3,10.5,14.2,110391.0,4027.0,1268.0,719.0,912.0,1007.0,68.51254035261982,0.7401926559966618,1.312407653120129,-0.7051652435874578,1.0195697824578778,0.5917512119968027,0.853448275862069,high
24031700834,Census Tract 7008.34; Montgomery County; Maryland,5665.0,2.4,17.8,6.7,9.8,120345.0,5665.0,624.0,1820.0,331.0,2398.0,88.98499558693733,-0.6939916198861009,1.732470805710866,-1.0814127039437509,0.04157989904028594,-0.0003384047696749718,0.6120689655172413,moderate_high
24031700835,Census Tract 7008.35; Montgomery County; Maryland,4695.0,1.1,1.9,16.4,8.9,169188.0,4695.0,1016.0,1416.0,1629.0,584.0,78.35995740149095,-0.8575389495920301,-0.9391308447662222,-0.1209915551395294,-0.15846348620422165,-0.5190312089255008,0.14224137931034483,low
24031700836,Census Tract 7008.36; Montgomery County; Maryland,1484.0,11.0,3.2,11.4,10.0,72447.0,1484.0,331.0,150.0,440.0,184.0,77.69541778975741,0.38793686893773754,-0.7206980054190388,-0.6160540029767568,0.08603398465017634,-0.21569528870197047,0.4827586206896552,moderate_low
24031700837,Census Tract 7008.37; Montgomery County; Maryland,6909.0,8.3,8.2,9.1,6.9,104083.0,6909.0,1055.0,860.0,3196.0,1780.0,84.73006223766102,0.04826164570234647,0.11942829976243528,-0.8437827289818816,-0.6030043423031272,-0.3197742814550567,0.35344827586206895,moderate_low
24031700838,Census Tract 7008.38; Montgomery County; Maryland,4636.0,2.3,2.2,9.4,7.8,112562.0,4636.0,1509.0,979.0,740.0,808.0,67.45038826574633,-0.706572183709634,-0.8887232664553337,-0.8140789821116479,-0.40296095705861984,-0.7030838473338088,0.034482758620689655,low
24031700839,Census Tract 7008.39; Montgomery County; Maryland,5604.0,4.8,7.3,9.5,4.7,105461.0,5604.0,2366.0,1083.0,1652.0,445.0,57.780157030692365,-0.3920580881213089,-0.03179443517023,-0.8041777331549033,-1.0919992840119235,-0.5800073851145915,0.08620689655172414,low
24031700901,Census Tract 7009.01; Montgomery County; Maryland,4905.0,29.1,16.8,29.7,18.7,77885.0,4905.0,1869.0,573.0,1847.0,441.0,61.896024464831804,2.6650189209972117,1.564445544674571,1.195874556107496,2.0197867086804155,1.8612814326149236,0.9827586206896551,high
24031700902,Census Tract 7009.02; Montgomery County; Maryland,4299.0,0.4,3.0,16.1,13.2,118821.0,4299.0,1695.0,541.0,785.0,1191.0,60.57222609909281,-0.9456028963567611,-0.7543030576262978,-0.15069530200976278,0.797299354408425,-0.2633254753960992,0.43103448275862066,moderate_low
24031700903,Census Tract 7009.03; Montgomery County; Maryland,2072.0,6.6,15.8,11.0,8.1,105771.0,2072.0,538.0,262.0,193.0,1002.0,74.03474903474904,-0.16560793929771478,1.3964202836382762,-0.655658998803735,-0.33627982864378403,0.05971837922326059,0.6637931034482759,moderate_high
24031700904,Census Tract 7009.04; Montgomery County; Maryland,3979.0,31.2,25.1,12.9,7.6,81438.0,3979.0,943.0,589.0,1439.0,818.0,76.30057803468208,2.929210761291405,2.9590552112758184,-0.46753526862558853,-0.4474150426685104,1.2433289153182812,0.9612068965517241,high
24031700905,Census Tract 7009.05; Montgomery County; Maryland,4430.0,20.5,4.6,9.3,9.3,103787.0,4430.0,2314.0,227.0,1365.0,498.0,47.76523702031603,1.5830904321733732,-0.48546263996822614,-0.8239802310683924,-0.06955531498444045,0.051023061538078535,0.6551724137931034,moderate_high
24031701001,Census Tract 7010.01; Montgomery County; Maryland,5998.0,5.2,8.6,20.3,12.8,152393.0,5998.0,3155.0,484.0,1195.0,676.0,47.39913304434812,-0.3417358328271768,0.1866384041769533,0.2651571541735083,0.7083911831886442,0.20461272717798226,0.7413793103448276,moderate_high
24031701002,Census Tract 7010.02; Montgomery County; Maryland,3928.0,3.4,2.0,26.4,10.0,234962.0,3928.0,2464.0,387.0,545.0,316.0,37.270875763747455,-0.5681859816507709,-0.9223283186625927,0.8691333405349257,0.08603398465017634,-0.1338367437820654,0.5344827586206896,moderate_high
24031701004,Census Tract 7010.04; Montgomery County; Maryland,4654.0,6.7,8.9,18.1,13.8,147321.0,4654.0,2534.0,630.0,462.0,811.0,45.55221314997851,-0.15302737547418171,0.23704598248784187,0.047329677125128256,0.9306616112380971,0.2655024738442214,0.771551724137931,high
24031701005,Census Tract 7010.05; Montgomery County; Maryland,3187.0,4.9,3.8,17.3,10.2,189107.0,3187.0,1893.0,182.0,810.0,50.0,40.602447442736114,-0.3794775242977758,-0.619882848797262,-0.031880314528828224,0.13048807026006673,-0.22518815434094983,0.46551724137931033,moderate_low
24031701006,Census Tract 7010.06; Montgomery County; Maryland,5465.0,2.8,3.3,21.0,4.7,199352.0,5465.0,3379.0,200.0,1331.0,297.0,38.17017383348582,-0.643669364591969,-0.7038954793154094,0.3344658968707201,-1.0919992840119235,-0.5262745577621455,0.1336206896551724,low
24031701007,Census Tract 7010.07; Montgomery County; Maryland,3687.0,2.4,2.2,19.3,8.4,114219.0,3687.0,1188.0,798.0,1101.0,249.0,67.77868185516681,-0.6939916198861009,-0.8887232664553337,0.1661446646060628,-0.26959870022894805,-0.42154223049107997,0.23275862068965517,low
24031701101,Census Tract 7011.01; Montgomery County; Maryland,4490.0,1.9,5.1,16.2,5.9,155927.0,4490.0,1675.0,344.0,577.0,1770.0,62.69487750556793,-0.756894439003766,-0.4014500094500787,-0.14079405305301843,-0.82527477035258,-0.5311033179648608,0.12931034482758622,low
24031701102,Census Tract 7011.02; Montgomery County; Maryland,6068.0,7.5,10.4,16.5,9.1,138811.0,6068.0,1913.0,656.0,809.0,2317.0,68.47396176664469,-0.052382864885917674,0.48908387404228415,-0.1110903061827847,-0.11400940059433125,0.05290032559481263,0.6594827586206896,moderate_high
24031701201,Census Tract 7012.01; Montgomery County; Maryland,6644.0,10.4,10.7,11.4,9.9,128705.0,6644.0,3214.0,533.0,523.0,1948.0,51.625526791089705,0.31245348599653955,0.5394914523531724,-0.6160540029767568,0.06380694184523114,0.07492446930454658,0.6724137931034483,moderate_high
24031701202,Census Tract 7012.02; Montgomery County; Maryland,2779.0,0.3,2.9,19.4,5.2,250001.0,2779.0,1987.0,22.0,261.0,261.0,28.4994602374955,-0.9581834601802942,-0.7711055837299274,0.17604591356280713,-0.980864069987197,-0.6335268000836529,0.06465517241379311,low
24031701205,Census Tract 7012.05; Montgomery County; Maryland,7461.0,0.8,1.8,21.2,7.0,216964.0,7461.0,5030.0,473.0,904.0,876.0,32.58276370459724,-0.8952806410626292,-0.9559333708698518,0.35426839478420913,-0.580777299498182,-0.5194307291616135,0.13793103448275862,low
24031701206,Census Tract 7012.06; Montgomery County; Maryland,6736.0,1.0,2.4,20.9,10.6,245954.0,6736.0,3721.0,0.0,1354.0,1107.0,44.75950118764845,-0.8701195134155632,-0.8551182142480749,0.32456464791397543,0.21939624147984793,-0.2953192095674537,0.3922413793103448,moderate_low
24031701210,Census Tract 7012.10; Montgomery County; Maryland,3879.0,2.0,3.3,22.6,8.2,250001.0,3879.0,2537.0,102.0,778.0,250.0,34.59654550141789,-0.7443138751802331,-0.7038954793154094,0.49288588017863305,-0.31405278583883883,-0.31734406503896206,0.3577586206896552,moderate_low
24031701211,Census Tract 7012.11; Montgomery County; Maryland,5758.0,10.6,4.4,14.1,8.6,119856.0,5758.0,1933.0,754.0,1316.0,1157.0,66.42931573463008,0.3376146136436055,-0.519067692175485,-0.348720281144654,-0.22514461461905763,-0.18882949357389778,0.5,moderate_low
24031701212,Census Tract 7012.12; Montgomery County; Maryland,2668.0,3.1,4.7,23.1,16.9,185313.0,2668.0,1651.0,148.0,304.0,407.0,38.1184407796102,-0.60592767312137,-0.46866011386459655,0.5423921249623558,1.6196999381914001,0.27187606904194733,0.7758620689655172,high
24031701214,Census Tract 7012.14; Montgomery County; Maryland,4256.0,8.9,2.0,12.5,4.5,102500.0,4256.0,2121.0,584.0,541.0,761.0,50.16447368421053,0.12374502864354446,-0.9223283186625927,-0.5071402644525668,-1.136453369621814,-0.6105442310233573,0.06896551724137931,low
24031701215,Census Tract 7012.15; Montgomery County; Maryland,4433.0,8.9,6.5,16.8,6.2,114485.0,4433.0,2742.0,220.0,984.0,368.0,38.14572524249944,0.12374502864354446,-0.16621464399926586,-0.08138655931255098,-0.7585936419377441,-0.22061245415150413,0.47413793103448276,moderate_low
24031701216,Census Tract 7012.16; Montgomery County; Maryland,5429.0,17.0,4.5,18.3,8.7,117509.0,5429.0,2337.0,551.0,1532.0,623.0,56.953398415914535,1.142770698349718,-0.5022651660718556,0.06713217503861729,-0.20291757181411244,0.12618003387559182,0.6896551724137931,moderate_high
24031701218,Census Tract 7012.18; Montgomery County; Maryland,2791.0,19.8,5.8,30.5,19.6,81324.0,2791.0,1522.0,314.0,516.0,306.0,45.46757434611251,1.4950264854086421,-0.2838323267246723,1.2750845477614525,2.2198300939249234,1.1765272000925866,0.9568965517241379,high
24031701219,Census Tract 7012.19; Montgomery County; Maryland,4557.0,13.9,7.7,3.6,7.3,87188.0,4557.0,812.0,912.0,440.0,2072.0,82.18125960061444,0.7527732198201948,0.035415669244288,-1.3883514216028319,-0.5140961710833463,-0.27856467590542383,0.41379310344827586,moderate_low
24031701220,Census Tract 7012.20; Montgomery County; Maryland,3553.0,1.3,0.2,20.9,8.6,249722.0,3553.0,1464.0,217.0,1284.0,341.0,58.795384182381085,-0.8323778219449641,-1.2247737885279235,0.32456464791397543,-0.22514461461905763,-0.48943289429449244,0.1724137931034483,low
24031701221,Census Tract 7012.21; Montgomery County; Maryland,4255.0,13.3,11.9,18.0,9.8,175641.0,4255.0,1471.0,215.0,2032.0,440.0,65.4289071680376,0.6772898368789968,0.7411217655967264,0.037428428168383564,0.04157989904028594,0.3743549824210982,0.8189655172413793,high
24031701222,Census Tract 7012.22; Montgomery County; Maryland,3574.0,6.4,5.3,29.3,9.0,152853.0,3574.0,1876.0,415.0,782.0,251.0,47.50979294907666,-0.1907690669447807,-0.3678449572428197,1.156269560280518,-0.13623644339927646,0.11535477317341028,0.6810344827586207,moderate_high
24031701223,Census Tract 7012.23; Montgomery County; Maryland,2963.0,1.7,3.7,13.8,5.0,122721.0,2963.0,1584.0,217.0,364.0,621.0,46.540668241646976,-0.782055566650832,-0.6366853749008914,-0.3784240280148875,-1.0253181555970876,-0.7056207812909246,0.03017241379310345,low
24031701303,Census Tract 7013.03; Montgomery County; Maryland,3729.0,0.5,3.0,28.5,9.4,216917.0,3729.0,2480.0,105.0,552.0,379.0,33.49423437919013,-0.9330223325332281,-0.7543030576262978,1.0770595686265614,-0.04732827217949526,-0.16439852342811495,0.5043103448275862,moderate_high
24031701304,Census Tract 7013.04; Montgomery County; Maryland,6280.0,1.9,6.7,18.9,11.0,190583.0,6280.0,4350.0,547.0,379.0,507.0,30.73248407643312,-0.756894439003766,-0.13260959179200685,0.1265396687790844,0.3083044126996291,-0.11366498732926482,0.5646551724137931,moderate_high
24031701306,Census Tract 7013.06; Montgomery County; Maryland,2746.0,2.7,2.4,19.6,7.0,205667.0,2746.0,1934.0,123.0,263.0,203.0,29.570284049526585,-0.656249928415502,-0.8551182142480749,0.19584841147629653,-0.580777299498182,-0.4740742576713656,0.1896551724137931,low
24031701307,Census Tract 7013.07; Montgomery County; Maryland,4538.0,9.3,5.6,15.2,4.8,193542.0,4538.0,2312.0,897.0,826.0,277.0,49.05244601145879,0.17406728393767654,-0.3174373789319313,-0.23980654262046394,-1.0697722412069781,-0.3632372197054242,0.3146551724137931,moderate_low
24031701308,Census Tract 7013.08; Montgomery County; Maryland,4968.0,1.3,3.4,19.9,10.4,146967.0,4968.0,1963.0,1318.0,892.0,563.0,60.487117552334944,-0.8323778219449641,-0.68709295321178,0.2255521583465299,0.17494215586995754,-0.2797441152350642,0.4051724137931034,moderate_low
24031701312,Census Tract 7013.12; Montgomery County; Maryland,6484.0,0.0,2.5,14.8,14.9,169598.0,6484.0,3851.0,774.0,492.0,1052.0,40.60764959901295,-0.9959251516508931,-0.8383156881444452,-0.279411538447442,1.175159082092495,-0.2346233240375713,0.45689655172413796,moderate_low
24031701313,Census Tract 7013.13; Montgomery County; Maryland,3626.0,1.7,5.0,17.9,8.8,177266.0,3626.0,1616.0,436.0,379.0,689.0,55.432984004412575,-0.782055566650832,-0.4182525355537081,0.027527179211638875,-0.18069052900916685,-0.338367863000517,0.33189655172413796,moderate_low
24031701314,Census Tract 7013.14; Montgomery County; Maryland,2907.0,4.9,1.1,17.3,8.0,170660.0,2907.0,1392.0,432.0,363.0,469.0,52.115583075335394,-0.3794775242977758,-1.073551053595258,-0.031880314528828224,-0.3585068714487292,-0.46085394096764776,0.19827586206896552,low
24031701315,Census Tract 7013.15; Montgomery County; Maryland,4218.0,2.4,6.5,13.3,6.3,161264.0,4218.0,2045.0,557.0,939.0,438.0,51.51730678046467,-0.6939916198861009,-0.16621464399926586,-0.4279302727986103,-0.736366599132799,-0.5061257839541939,0.15086206896551724,low
24031701316,Census Tract 7013.16; Montgomery County; Maryland,6451.0,1.3,3.4,24.5,6.2,160313.0,6451.0,4066.0,880.0,494.0,589.0,36.97101224616338,-0.8323778219449641,-0.68709295321178,0.6810096103567794,-0.7585936419377441,-0.39926370168442726,0.27586206896551724,moderate_low
24031701317,Census Tract 7013.17; Montgomery County; Maryland,4542.0,1.4,4.4,22.3,8.2,204625.0,4542.0,2857.0,655.0,288.0,520.0,37.098194627917216,-0.819797258121431,-0.519067692175485,0.46318213330839936,-0.31405278583883883,-0.29743390070683884,0.3793103448275862,moderate_low
24031701407,Census Tract 7014.07; Montgomery County; Maryland,5771.0,2.2,2.8,26.0,10.5,186207.0,5771.0,2184.0,1534.0,728.0,789.0,62.15560561427829,-0.719152747533167,-0.7879081098335569,0.8295283447079477,0.19716919867490273,-0.12009082849596837,0.5603448275862069,moderate_high
24031701408,Census Tract 7014.08; Montgomery County; Maryland,5358.0,0.0,5.2,21.2,7.9,143966.0,5358.0,2217.0,1136.0,749.0,1073.0,58.62262038073908,-0.9959251516508931,-0.3846474833464491,0.35426839478420913,-0.3807339142536744,-0.35175953861670184,0.3232758620689655,moderate_low
24031701409,Census Tract 7014.09; Montgomery County; Maryland,4772.0,8.3,2.9,23.3,10.0,211005.0,4772.0,1608.0,1148.0,983.0,705.0,66.30343671416597,0.04826164570234647,-0.7711055837299274,0.5621946228758449,0.08603398465017634,-0.018653832625389936,0.603448275862069,moderate_high
24031701414,Census Tract 7014.14; Montgomery County; Maryland,7714.0,11.3,7.8,19.0,12.9,133418.0,7714.0,1336.0,4067.0,892.0,951.0,82.68084003111227,0.4256785604083367,0.05221819534791743,0.1364409177358291,0.7306182259935895,0.3362389748714182,0.8017241379310345,high
24031701415,Census Tract 7014.15; Montgomery County; Maryland,8609.0,3.5,9.6,22.5,12.7,105286.0,8609.0,1344.0,3954.0,1030.0,1640.0,84.38843071204553,-0.5556054178272379,0.35466366521324816,0.4829846312218884,0.6861641403836987,0.2420517547478993,0.7629310344827587,high
24031701417,Census Tract 7014.17; Montgomery County; Maryland,6576.0,8.4,10.9,10.8,13.7,78750.0,6576.0,379.0,4093.0,524.0,1153.0,94.23661800486617,0.06084220952587943,0.5730965045604316,-0.6754614967172241,0.9084345684331515,0.21672794645055962,0.7456896551724138,moderate_high
24031701418,Census Tract 7014.18; Montgomery County; Maryland,3473.0,2.2,5.5,17.4,6.2,108271.0,3473.0,715.0,1908.0,450.0,314.0,79.4126115750072,-0.719152747533167,-0.3342399050355607,-0.021979065572083883,-0.7585936419377441,-0.458491340019639,0.2025862068965517,low
24031701422,Census Tract 7014.22; Montgomery County; Maryland,2604.0,22.3,11.0,4.4,9.9,61157.0,2604.0,166.0,2086.0,42.0,216.0,93.62519201228879,1.8095405809969674,0.589899030664061,-1.3091414299488755,0.06380694184523114,0.28852628088934607,0.7844827586206896,high
24031701423,Census Tract 7014.23; Montgomery County; Maryland,5456.0,8.0,13.8,7.9,12.4,89196.0,5456.0,298.0,3354.0,503.0,1073.0,94.53812316715542,0.010519954231747362,1.0603697615656866,-0.9625977164628161,0.6194830119688631,0.18194375282587025,0.7155172413793104,moderate_high
24031701424,Census Tract 7014.24; Montgomery County; Maryland,3519.0,1.4,9.8,16.3,6.1,147529.0,3519.0,787.0,962.0,272.0,1462.0,77.6356919579426,-0.819797258121431,0.3882687174205073,-0.13089280409627374,-0.7808206847426896,-0.33581050738497176,0.33620689655172414,moderate_low
24031701425,Census Tract 7014.25; Montgomery County; Maryland,3942.0,20.3,5.4,40.1,24.0,108750.0,3942.0,1219.0,1964.0,285.0,366.0,69.07661085743277,1.5579293045263072,-0.35104243113919015,2.2256044476089296,3.1978199773425153,1.6575778245846404,0.978448275862069,high
24031701426,Census Tract 7014.26; Montgomery County; Maryland,6173.0,4.7,8.2,19.6,9.9,131178.0,6173.0,793.0,2750.0,1219.0,1046.0,87.15373400291593,-0.40463865194484183,0.11942829976243528,0.19584841147629653,0.06380694184523114,-0.006388749715219716,0.6077586206896551,moderate_high
24031701427,Census Tract 7014.27; Montgomery County; Maryland,3306.0,1.2,4.9,6.7,3.7,128224.0,3306.0,353.0,1592.0,584.0,659.0,89.32244404113733,-0.844958385768497,-0.43505506165733754,-1.0814127039437509,-1.3142697120613762,-0.9189239658577404,0.004310344827586207,low
24031701503,Census Tract 7015.03; Montgomery County; Maryland,7518.0,7.4,3.4,23.5,2.2,158829.0,7518.0,1581.0,2670.0,1208.0,1801.0,78.9704708699122,-0.06496342870945063,-0.68709295321178,0.5819971207893339,-1.6476753541355553,-0.454433653816863,0.20689655172413793,low
24031701505,Census Tract 7015.05; Montgomery County; Maryland,7264.0,16.0,13.6,14.4,13.4,101313.0,7264.0,1015.0,3245.0,740.0,2011.0,86.02698237885463,1.0169650601143878,1.0267647093584276,-0.3190165342744202,0.8417534400183159,0.6416166688041777,0.8620689655172413,high
24031701506,Census Tract 7015.06; Montgomery County; Maryland,5150.0,1.1,3.5,23.4,9.2,180700.0,5150.0,1642.0,2087.0,468.0,563.0,68.11650485436893,-0.8575389495920301,-0.6702904271081505,0.5720958718325893,-0.09178235778938605,-0.26187896566424435,0.4396551724137931,moderate_low
24031701507,Census Tract 7015.07; Montgomery County; Maryland,5459.0,13.5,3.7,27.1,9.0,114659.0,5459.0,2014.0,1552.0,1259.0,355.0,63.10679611650485,0.7024509645260627,-0.6366853749008914,0.9384420832321378,-0.13623644339927646,0.21699280736450816,0.75,moderate_high
24031701508,Census Tract 7015.08; Montgomery County; Maryland,4834.0,9.1,11.2,7.2,7.9,84755.0,4834.0,463.0,3758.0,131.0,408.0,90.42201075713695,0.14890615629061038,0.6235040828713199,-1.031906459160028,-0.3807339142536744,-0.16005753356294303,0.521551724137931,moderate_high
24031701509,Census Tract 7015.09; Montgomery County; Maryland,6390.0,17.0,21.2,8.0,10.0,63200.0,6390.0,818.0,2766.0,729.0,1875.0,87.19874804381847,1.142770698349718,2.303756693234268,-0.9526964675060716,0.08603398465017634,0.6449662271820228,0.8663793103448276,high
24031701601,Census Tract 7016.01; Montgomery County; Maryland,2035.0,14.2,20.2,7.4,6.4,63274.0,2035.0,69.0,1231.0,92.0,506.0,96.60933660933661,0.7905149112907937,2.1357314321979732,-1.0121039612465388,-0.7141395563278536,0.30000070647859367,0.7887931034482759,high
24031701602,Census Tract 7016.02; Montgomery County; Maryland,7158.0,13.5,18.4,10.9,4.1,79531.0,7158.0,437.0,934.0,1474.0,4274.0,93.89494272143057,0.7024509645260627,1.8332859623326425,-0.6655602477604795,-1.2253615408415952,0.16120378456415768,0.6982758620689655,moderate_high
24031701701,Census Tract 7017.01; Montgomery County; Maryland,3503.0,21.4,9.6,22.2,10.1,111411.0,3503.0,2212.0,568.0,75.0,411.0,36.8541250356837,1.69631550658517,0.35466366521324816,0.45328088435165464,0.10826102745512153,0.6531302709012985,0.875,high
24031701702,Census Tract 7017.02; Montgomery County; Maryland,2474.0,21.1,7.2,8.6,6.5,66548.0,2474.0,809.0,659.0,114.0,584.0,67.29991915925626,1.6585738151145715,-0.04859696127385942,-0.8932889737656043,-0.6919125135229084,0.006193841638049813,0.6206896551724138,moderate_high
24031701703,Census Tract 7017.03; Montgomery County; Maryland,4016.0,2.3,6.0,12.5,9.4,112955.0,4016.0,1309.0,1417.0,393.0,729.0,67.40537848605578,-0.706572183709634,-0.2502272745174133,-0.5071402644525668,-0.04732827217949526,-0.37781699871477736,0.28879310344827586,moderate_low
24031701704,Census Tract 7017.04; Montgomery County; Maryland,2899.0,9.4,8.3,10.6,4.6,150000.0,2899.0,1649.0,566.0,109.0,342.0,43.11831666091756,0.1866478477612095,0.136230825866065,-0.6952639946307133,-1.1142263268168688,-0.3716529119550769,0.3017241379310345,moderate_low
24031701800,Census Tract 7018; Montgomery County; Maryland,4475.0,18.9,12.5,17.9,12.9,98611.0,4475.0,1770.0,1919.0,141.0,304.0,60.44692737430167,1.3818014109968448,0.8419369222185032,0.027527179211638875,0.7306182259935895,0.7454709346051441,0.896551724137931,high
24031701900,Census Tract 7019; Montgomery County; Maryland,2992.0,23.3,38.9,7.4,7.2,47227.0,2992.0,992.0,401.0,38.0,1386.0,66.84491978609626,1.9353462192322974,5.277803813576687,-1.0121039612465388,-0.5363232138882914,1.4161807144185385,0.9655172413793104,high
24031702000,Census Tract 7020; Montgomery County; Maryland,5705.0,9.8,11.5,9.6,6.9,72821.0,5705.0,440.0,1099.0,120.0,3878.0,92.2874671340929,0.23697010305534158,0.6739116611822085,-0.7942764841981588,-0.6030043423031272,-0.12159976556593396,0.5560344827586207,moderate_high
24031702101,Census Tract 7021.01; Montgomery County; Maryland,6285.0,14.2,16.9,17.0,9.6,71458.0,6285.0,821.0,2041.0,876.0,2327.0,86.93715194908512,0.7905149112907937,1.5812480707782002,-0.061584061399061946,-0.0028741865696048567,0.5768261835250816,0.8491379310344828,high
24031702102,Census Tract 7021.02; Montgomery County; Maryland,3333.0,0.0,1.5,11.9,6.6,235776.0,3333.0,2501.0,180.0,100.0,248.0,24.962496249624962,-0.9959251516508931,-1.00634094918074,-0.566547758193034,-0.6696854707179632,-0.8096248324356576,0.01293103448275862,low
24031702200,Census Tract 7022; Montgomery County; Maryland,4029.0,5.0,2.1,16.0,11.0,201591.0,4029.0,2358.0,413.0,250.0,552.0,41.474311243484735,-0.36689696047424286,-0.9055257925589631,-0.16059655096650746,0.3083044126996291,-0.2811787228250211,0.40086206896551724,moderate_low
24031702301,Census Tract 7023.01; Montgomery County; Maryland,3522.0,10.6,12.3,7.6,6.0,99265.0,3522.0,707.0,1361.0,228.0,1054.0,79.92617830777967,0.3376146136436055,0.8083318700112444,-0.9923014633330498,-0.8030477275476348,-0.16235067680645868,0.5172413793103449,moderate_high
24031702302,Census Tract 7023.02; Montgomery County; Maryland,4319.0,8.9,8.0,12.6,8.2,89263.0,4319.0,1871.0,1769.0,93.0,385.0,56.67978698772864,0.12374502864354446,0.08582324755517642,-0.4972390154958222,-0.31405278583883883,-0.15043088128398505,0.5301724137931034,moderate_high
24031702401,Census Tract 7024.01; Montgomery County; Maryland,2684.0,5.0,3.0,16.2,8.1,197894.0,2684.0,2019.0,217.0,42.0,290.0,24.77645305514158,-0.36689696047424286,-0.7543030576262978,-0.14079405305301843,-0.33627982864378403,-0.3995684749493358,0.27155172413793105,moderate_low
24031702402,Census Tract 7024.02; Montgomery County; Maryland,4629.0,23.9,5.7,16.1,9.9,106936.0,4629.0,1375.0,1908.0,375.0,543.0,70.29596025059408,2.0108296021734953,-0.3006348528283017,-0.15069530200976278,0.06380694184523114,0.40582659729516546,0.8275862068965517,high
24031702501,Census Tract 7025.01; Montgomery County; Maryland,3580.0,23.6,4.7,5.1,1.9,115409.0,3580.0,1134.0,1459.0,403.0,363.0,68.32402234636872,1.9730879107028965,-0.46866011386459655,-1.2398326872516636,-1.7143564825503912,-0.3624403432409387,0.31896551724137934,moderate_low
24031702502,Census Tract 7025.02; Montgomery County; Maryland,1813.0,29.4,12.6,10.3,14.0,89063.0,1813.0,555.0,560.0,128.0,375.0,69.38775510204081,2.7027606124678103,0.8587394483221327,-0.7249677415009468,0.9751156968479875,0.9529120040342459,0.9353448275862069,high
24031702503,Census Tract 7025.03; Montgomery County; Maryland,4256.0,32.8,8.3,11.8,14.9,89633.0,4256.0,977.0,1903.0,512.0,578.0,77.04417293233082,3.1304997824679326,0.136230825866065,-0.5764490071497785,1.175159082092495,0.9663601708191787,0.9396551724137931,high
24031702602,Census Tract 7026.02; Montgomery County; Maryland,5025.0,6.8,9.4,7.4,9.4,84167.0,5025.0,1583.0,1878.0,353.0,1015.0,68.49751243781094,-0.14044681165064873,0.3210586130059893,-1.0121039612465388,-0.04732827217949526,-0.21970510801767335,0.47844827586206895,moderate_low
24031702603,Census Tract 7026.03; Montgomery County; Maryland,2247.0,25.0,11.7,11.2,11.7,100179.0,2247.0,766.0,661.0,312.0,286.0,65.91010235870048,2.1492158042323584,0.7075167133894673,-0.635856500890246,0.4638937123342459,0.6711924322664563,0.8793103448275862,high
24031702604,Census Tract 7026.04; Montgomery County; Maryland,3139.0,22.5,13.6,8.7,9.0,84818.0,3139.0,1183.0,1055.0,357.0,360.0,62.3128384835935,1.8347017086440334,1.0267647093584276,-0.8833877248088597,-0.13623644339927646,0.46046056244858125,0.8318965517241379,high
24031702700,Census Tract 7027; Montgomery County; Maryland,7131.0,6.4,10.7,10.4,5.0,114563.0,7131.0,2551.0,2093.0,874.0,871.0,64.22661618286355,-0.1907690669447807,0.5394914523531724,-0.7150664925442023,-1.0253181555970876,-0.34791556568322457,0.3275862068965517,moderate_low
24031702800,Census Tract 7028; Montgomery County; Maryland,5548.0,15.9,2.2,13.1,9.4,144351.0,5548.0,3380.0,1335.0,109.0,358.0,39.07714491708724,1.004384496290855,-0.8887232664553337,-0.4477327707120995,-0.04732827217949526,-0.09484995326401836,0.5689655172413793,moderate_high
24031702900,Census Tract 7029; Montgomery County; Maryland,5630.0,17.5,2.1,21.5,11.5,173864.0,5630.0,3616.0,753.0,300.0,656.0,35.772646536412076,1.205673517467383,-0.9055257925589631,0.3839721416544429,0.41943962672435553,0.2758898733218046,0.7801724137931034,high
24031703000,Census Tract 7030; Montgomery County; Maryland,1783.0,0.9,12.3,14.0,9.3,175250.0,1783.0,1065.0,140.0,110.0,325.0,40.26920919798093,-0.882700077239096,0.8083318700112444,-0.35862153010139847,-0.06955531498444045,-0.12563626307842263,0.5474137931034483,moderate_high
24031703100,Census Tract 7031; Montgomery County; Maryland,4875.0,6.8,7.0,13.0,7.3,177731.0,4875.0,2196.0,621.0,415.0,1289.0,54.95384615384615,-0.14044681165064873,-0.08220201348111843,-0.457634019668844,-0.5140961710833463,-0.29859475397098934,0.3706896551724138,moderate_low
24031703201,Census Tract 7032.01; Montgomery County; Maryland,8541.0,1.0,6.9,15.4,11.3,184809.0,8541.0,4152.0,593.0,1025.0,2526.0,51.3874253600281,-0.8701195134155632,-0.09900453958474785,-0.22000404470697474,0.37498554111446514,-0.20353563914820516,0.49137931034482757,moderate_low
24031703202,Census Tract 7032.02; Montgomery County; Maryland,6187.0,3.5,5.1,23.4,15.0,159599.0,6187.0,3975.0,380.0,522.0,891.0,35.75238403103281,-0.5556054178272379,-0.4014500094500787,0.5720958718325893,1.1973861248974402,0.2031066423631782,0.7327586206896551,moderate_high
24031703206,Census Tract 7032.06; Montgomery County; Maryland,3959.0,3.9,2.1,20.6,5.4,109659.0,3959.0,1221.0,878.0,720.0,1006.0,69.1588785046729,-0.5052831625331059,-0.9055257925589631,0.294860901043742,-0.9364099843773064,-0.5130895096064083,0.14655172413793102,low
24031703207,Census Tract 7032.07; Montgomery County; Maryland,6169.0,8.2,8.7,13.0,8.4,100362.0,6169.0,1514.0,888.0,238.0,3343.0,75.45793483546765,0.03568108187881328,0.20344093028058272,-0.457634019668844,-0.26959870022894805,-0.12202767693459901,0.5517241379310345,moderate_high
24031703208,Census Tract 7032.08; Montgomery County; Maryland,5277.0,2.1,7.0,17.2,6.1,190481.0,5277.0,3644.0,467.0,230.0,576.0,30.94561303771082,-0.7317333113567001,-0.08220201348111843,-0.041781563485572916,-0.7808206847426896,-0.40913439326652024,0.25862068965517243,moderate_low
24031703209,Census Tract 7032.09; Montgomery County; Maryland,6088.0,10.9,13.6,9.9,6.3,85230.0,6088.0,1288.0,1449.0,491.0,1947.0,78.84362680683311,0.3753563051142046,1.0267647093584276,-0.7645727373279251,-0.736366599132799,-0.024704580497022982,0.5991379310344828,moderate_high
24031703210,Census Tract 7032.10; Montgomery County; Maryland,3791.0,2.6,3.1,17.2,8.2,164821.0,3791.0,1891.0,632.0,250.0,781.0,50.11870218939594,-0.668830492239035,-0.7375005315226683,-0.041781563485572916,-0.31405278583883883,-0.4405413432715288,0.21551724137931033,low
24031703213,Census Tract 7032.13; Montgomery County; Maryland,6334.0,15.7,18.5,3.3,7.5,61892.0,6334.0,712.0,1072.0,497.0,2801.0,88.75907799179033,0.9792233686437888,1.8500884884362723,-1.4180551684730653,-0.4696420854734556,0.235403650783385,0.7543103448275862,high
24031703214,Census Tract 7032.14; Montgomery County; Maryland,7219.0,19.0,22.9,14.7,9.3,65875.0,7219.0,769.0,2148.0,310.0,3492.0,89.34755506302812,1.394381974820378,2.5893996369959695,-0.2893127874041867,-0.06955531498444045,0.9062283773569301,0.9224137931034483,high
24031703215,Census Tract 7032.15; Montgomery County; Maryland,3266.0,12.9,6.9,11.6,5.9,101186.0,3266.0,905.0,713.0,240.0,912.0,72.2902633190447,0.6269675815848648,-0.09900453958474785,-0.5962515050632677,-0.82527477035258,-0.2233908083539327,0.4698275862068966,moderate_low
24031703216,Census Tract 7032.16; Montgomery County; Maryland,3746.0,12.2,5.9,58.8,16.5,57778.0,3746.0,1529.0,1199.0,513.0,452.0,59.18312867058195,0.5389036348201336,-0.2670298006210427,4.077138002520161,1.5307917669716193,1.4699509009227176,0.9698275862068966,high
24031703218,Census Tract 7032.18; Montgomery County; Maryland,1962.0,13.9,8.7,90.0,38.5,84279.0,1962.0,1359.0,276.0,203.0,57.0,30.73394495412844,0.7527732198201948,0.20344093028058272,7.16632767702446,6.420741184059581,3.6358207527962048,1.0,high
24031703219,Census Tract 7032.19; Montgomery County; Maryland,3174.0,12.4,13.7,91.6,31.6,56667.0,3174.0,2209.0,536.0,293.0,74.0,30.403276622558288,0.5640647624671997,1.0435672354620569,7.324747660332373,4.887075230518358,3.4548637221949967,0.9956896551724138,high
24031703220,Census Tract 7032.20; Montgomery County; Maryland,4786.0,16.7,5.9,20.5,16.2,106348.0,4786.0,892.0,1844.0,514.0,1105.0,81.36230672795654,1.1050290068791189,-0.2670298006210427,0.28495965208699736,1.4641106385567835,0.6467673742254643,0.8706896551724138,high
24031703221,Census Tract 7032.21; Montgomery County; Maryland,5095.0,4.0,4.9,15.1,13.7,134115.0,5095.0,1543.0,1493.0,554.0,1291.0,69.71540726202159,-0.4927025987095729,-0.43505506165733754,-0.24970779157720846,0.9084345684331515,-0.06725772087774182,0.5862068965517241,moderate_high
24031703222,Census Tract 7032.22; Montgomery County; Maryland,4357.0,5.9,18.6,9.8,8.6,121667.0,4357.0,544.0,1555.0,497.0,1639.0,87.51434473261419,-0.25367188606244573,1.866891014539902,-0.7744739862846696,-0.22514461461905763,0.15340013189343224,0.6939655172413793,moderate_high
24031703223,Census Tract 7032.23; Montgomery County; Maryland,6828.0,0.9,1.7,15.3,8.8,188243.0,6828.0,1135.0,2995.0,1128.0,1034.0,83.37727006444054,-0.882700077239096,-0.9727358969734812,-0.22990529366371926,-0.18069052900916685,-0.5665079492213658,0.11206896551724138,low
24031703301,Census Tract 7033.01; Montgomery County; Maryland,5077.0,2.5,5.8,11.9,12.0,129196.0,5077.0,1036.0,277.0,570.0,2768.0,79.59424857199133,-0.681411056062568,-0.2838323267246723,-0.566547758193034,0.5305748407490819,-0.25030407505779806,0.4525862068965517,moderate_low
24031703302,Census Tract 7033.02; Montgomery County; Maryland,5128.0,0.7,10.0,12.5,6.0,114188.0,5128.0,678.0,240.0,480.0,3644.0,86.77847113884556,-0.9078612048861621,0.4218737696277661,-0.5071402644525668,-0.8030477275476348,-0.44904385681464937,0.21120689655172414,low
24031703401,Census Tract 7034.01; Montgomery County; Maryland,5784.0,3.3,6.2,15.6,7.5,109708.0,5784.0,873.0,591.0,685.0,3362.0,84.90663900414938,-0.580766545474304,-0.21662222231015427,-0.2002015467934857,-0.4696420854734556,-0.36680810001284986,0.3103448275862069,moderate_low
24031703402,Census Tract 7034.02; Montgomery County; Maryland,4227.0,1.9,2.6,9.8,9.6,146797.0,4227.0,821.0,375.0,1425.0,1490.0,80.5772415424651,-0.756894439003766,-0.8215131620408157,-0.7744739862846696,-0.0028741865696048567,-0.588938943474714,0.07758620689655173,low
24031703403,Census Tract 7034.03; Montgomery County; Maryland,3336.0,4.6,8.5,12.1,4.3,136140.0,3336.0,631.0,443.0,286.0,1832.0,81.08513189448442,-0.4172192157683749,0.16983587807332387,-0.546745260279545,-1.1809074552317045,-0.4937590133015751,0.16379310344827586,low
24031703404,Census Tract 7034.04; Montgomery County; Maryland,3778.0,3.4,16.8,14.1,7.1,99318.0,3778.0,169.0,244.0,156.0,2982.0,95.5267337215458,-0.5681859816507709,1.564445544674571,-0.348720281144654,-0.5585502566932368,0.022247256296477336,0.6293103448275862,moderate_high
24031703501,Census Tract 7035.01; Montgomery County; Maryland,6191.0,10.7,15.2,18.4,8.0,87347.0,6191.0,1383.0,1745.0,589.0,2092.0,77.66112098207074,0.35019517746713846,1.2956051270164992,0.07703342399536163,-0.3585068714487292,0.34108171425756756,0.8103448275862069,high
24031703502,Census Tract 7035.02; Montgomery County; Maryland,2869.0,11.1,4.9,22.0,13.3,108833.0,2869.0,1522.0,279.0,134.0,750.0,46.950156849076336,0.4005174327612705,-0.43505506165733754,0.4334783864381656,0.8195263972133707,0.3046167886888673,0.7931034482758621,high
24031703601,Census Tract 7036.01; Montgomery County; Maryland,4777.0,4.6,2.7,19.2,14.5,125853.0,4777.0,2425.0,535.0,355.0,1288.0,49.23592212685786,-0.4172192157683749,-0.8047106359371863,0.15624341564931812,1.0862509108727139,0.005141118704117709,0.6163793103448276,moderate_high
24031703602,Census Tract 7036.02; Montgomery County; Maryland,2507.0,2.1,5.5,29.6,12.5,198542.0,2507.0,1757.0,126.0,58.0,338.0,29.91623454327882,-0.7317333113567001,-0.3342399050355607,1.1859733071507517,0.6417100547738083,0.19042753638307477,0.7198275862068966,moderate_high
24031703701,Census Tract 7037.01; Montgomery County; Maryland,4422.0,15.0,23.3,18.7,11.7,132883.0,4422.0,496.0,316.0,279.0,3105.0,88.78335594753506,0.8911594218790578,2.6566097414104877,0.10673717086559535,0.4638937123342459,1.0296000116223467,0.9482758620689655,high
24031703702,Census Tract 7037.02; Montgomery County; Maryland,4265.0,6.4,10.4,13.0,5.4,119461.0,4265.0,1147.0,801.0,473.0,1766.0,73.10668229777256,-0.1907690669447807,0.48908387404228415,-0.457634019668844,-0.9364099843773064,-0.2739322992371617,0.4267241379310345,moderate_low
24031703800,Census Tract 7038; Montgomery County; Maryland,4202.0,29.7,16.9,6.7,5.8,86190.0,4202.0,870.0,2010.0,286.0,860.0,79.29557353641123,2.7405023039384098,1.5812480707782002,-1.0814127039437509,-0.8475018131575254,0.5982089644038333,0.8577586206896551,high
24031703901,Census Tract 7039.01; Montgomery County; Maryland,3257.0,6.0,6.8,14.6,4.8,190114.0,3257.0,1849.0,439.0,200.0,513.0,43.229966226588886,-0.24109132223891278,-0.11580706568837743,-0.29921403636093125,-1.0697722412069781,-0.4314711663737999,0.22413793103448276,low
24031703902,Census Tract 7039.02; Montgomery County; Maryland,8475.0,18.0,21.2,8.2,7.5,111326.0,8475.0,2369.0,1858.0,352.0,3807.0,72.047197640118,1.268576336585048,2.303756693234268,-0.9328939695925825,-0.4696420854734556,0.5424492436883195,0.8448275862068966,high
24031704000,Census Tract 7040; Montgomery County; Maryland,6616.0,16.1,5.4,19.1,6.6,141000.0,6616.0,2725.0,800.0,487.0,2036.0,58.81197097944377,1.029545623937921,-0.35104243113919015,0.14634216669257377,-0.6696854707179632,0.038789972193335326,0.6422413793103449,moderate_high
24031704100,Census Tract 7041; Montgomery County; Maryland,4522.0,9.8,3.6,21.9,12.5,217000.0,4522.0,3667.0,254.0,138.0,290.0,18.907563025210084,0.23697010305534158,-0.6534879010045209,0.42357713748142095,0.6417100547738083,0.1621923485765125,0.7025862068965517,moderate_high
24031704200,Census Tract 7042; Montgomery County; Maryland,2369.0,13.0,6.3,21.6,12.0,152284.0,2369.0,1545.0,130.0,337.0,294.0,34.78260869565217,0.6395481454083977,-0.19981969620652484,0.39387339061118753,0.5305748407490819,0.34104417014053556,0.8060344827586207,high
24031704300,Census Tract 7043; Montgomery County; Maryland,4017.0,0.7,5.1,16.2,7.1,220375.0,4017.0,2937.0,162.0,338.0,153.0,26.8857356235997,-0.9078612048861621,-0.4014500094500787,-0.14079405305301843,-0.5585502566932368,-0.502163881020624,0.15517241379310345,low
24031704401,Census Tract 7044.01; Montgomery County; Maryland,3511.0,0.5,2.8,19.1,6.3,250001.0,3511.0,1938.0,392.0,737.0,206.0,44.80205069780689,-0.9330223325332281,-0.7879081098335569,0.14634216669257377,-0.736366599132799,-0.5777387187017526,0.09051724137931035,low
24031704403,Census Tract 7044.03; Montgomery County; Maryland,1426.0,7.5,4.2,41.9,15.2,94906.0,1426.0,888.0,74.0,91.0,273.0,37.727910238429175,-0.052382864885917674,-0.5526727443827439,2.4038269288303313,1.2418402105073307,0.7601528825172501,0.9008620689655172,high
24031704404,Census Tract 7044.04; Montgomery County; Maryland,6108.0,9.4,1.1,18.0,8.0,191042.0,6108.0,4196.0,567.0,503.0,582.0,31.303208906352324,0.1866478477612095,-1.073551053595258,0.037428428168383564,-0.3585068714487292,-0.30199541227859855,0.36637931034482757,moderate_low
24031704501,Census Tract 7045.01; Montgomery County; Maryland,3223.0,2.1,0.9,18.7,7.2,239405.0,3223.0,1871.0,158.0,488.0,368.0,41.94849519081601,-0.7317333113567001,-1.107156105802517,0.10673717086559535,-0.5363232138882914,-0.5671188650454783,0.10775862068965517,low
24031704502,Census Tract 7045.02; Montgomery County; Maryland,3095.0,0.6,6.8,18.4,5.4,250001.0,3095.0,1941.0,248.0,319.0,358.0,37.2859450726979,-0.9204417687096952,-0.11580706568837743,0.07703342399536163,-0.9364099843773064,-0.47390634869500436,0.1939655172413793,low
24031704503,Census Tract 7045.03; Montgomery County; Maryland,4108.0,0.0,3.6,13.2,5.5,250001.0,4108.0,2747.0,122.0,454.0,219.0,33.13047711781889,-0.9959251516508931,-0.6534879010045209,-0.43783152175535495,-0.9141829415723612,-0.7503568789957825,0.02586206896551724,low
24031704600,Census Tract 7046; Montgomery County; Maryland,5075.0,4.9,1.6,16.8,8.6,216023.0,5075.0,3370.0,322.0,738.0,434.0,33.59605911330049,-0.3794775242977758,-0.9895384230771106,-0.08138655931255098,-0.22514461461905763,-0.41888678032662374,0.24568965517241378,low
24031704700,Census Tract 7047; Montgomery County; Maryland,3639.0,0.8,1.2,23.2,5.2,250001.0,3639.0,2521.0,267.0,332.0,402.0,30.722726023632866,-0.8952806410626292,-1.0567485274916286,0.5522933739191002,-0.980864069987197,-0.5951499661555886,0.07327586206896551,low
24031704803,Census Tract 7048.03; Montgomery County; Maryland,4556.0,14.2,6.3,17.2,11.8,107460.0,4556.0,2247.0,591.0,700.0,830.0,50.68042142230026,0.7905149112907937,-0.19981969620652484,-0.041781563485572916,0.4861207551391915,0.25875860168447185,0.7672413793103449,high
24031704804,Census Tract 7048.04; Montgomery County; Maryland,2673.0,13.0,10.1,16.1,7.6,139012.0,2673.0,1640.0,285.0,424.0,172.0,38.6457164234942,0.6395481454083977,0.43867629573139555,-0.15069530200976278,-0.4474150426685104,0.12002852411538001,0.6853448275862069,moderate_high
24031704805,Census Tract 7048.05; Montgomery County; Maryland,2826.0,32.1,8.7,20.0,10.3,135114.0,2826.0,1833.0,173.0,561.0,112.0,35.1380042462845,3.042435835703202,0.20344093028058272,0.2354534073032746,0.15271511306501231,0.908511321588018,0.9267241379310345,high
24031704806,Census Tract 7048.06; Montgomery County; Maryland,4554.0,25.4,6.6,9.3,5.3,91366.0,4554.0,2332.0,582.0,1013.0,408.0,48.792270531400966,2.19953805952649,-0.14941211789563644,-0.8239802310683924,-0.9586370271822517,0.0668771708450524,0.6681034482758621,moderate_high
24031705000,Census Tract 7050; Montgomery County; Maryland,4621.0,14.3,5.2,17.2,8.8,209015.0,4621.0,3278.0,122.0,298.0,580.0,29.062973382384765,0.8030954751143269,-0.3846474833464491,-0.041781563485572916,-0.18069052900916685,0.0489939748182845,0.6508620689655172,moderate_high
24031705100,Census Tract 7051; Montgomery County; Maryland,5493.0,3.2,2.6,25.6,9.5,208452.0,5493.0,4023.0,475.0,222.0,383.0,26.761332605133806,-0.593347109297837,-0.8215131620408157,0.7899233488809696,-0.025101229374550057,-0.16250953795805828,0.5129310344827587,moderate_high
24031705200,Census Tract 7052; Montgomery County; Maryland,3363.0,1.4,4.8,21.5,5.7,250001.0,3363.0,2730.0,102.0,190.0,107.0,18.822479928635147,-0.819797258121431,-0.4518575877609671,0.3839721416544429,-0.8697288559624706,-0.43935289004760647,0.21982758620689655,low
24031705300,Census Tract 7053; Montgomery County; Maryland,1903.0,1.8,1.2,32.2,6.0,250001.0,1903.0,1704.0,0.0,26.0,93.0,10.457172884918549,-0.7694750028272991,-1.0567485274916286,1.4434057800261102,-0.8030477275476348,-0.29646636946011307,0.38362068965517243,moderate_low
24031705400,Census Tract 7054; Montgomery County; Maryland,2906.0,3.3,2.0,19.6,5.2,250001.0,2906.0,2355.0,7.0,138.0,127.0,18.960770818995183,-0.580766545474304,-0.9223283186625927,0.19584841147629653,-0.980864069987197,-0.5720276306619493,0.09913793103448276,low
24031705501,Census Tract 7055.01; Montgomery County; Maryland,2185.0,30.1,6.0,15.0,11.5,172778.0,2185.0,1351.0,52.0,473.0,189.0,38.16933638443936,2.790824559232542,-0.2502272745174133,-0.25960904053395295,0.41943962672435553,0.6751069677263828,0.8879310344827587,high
24031705502,Census Tract 7055.02; Montgomery County; Maryland,4142.0,5.5,9.3,24.8,13.5,194925.0,4142.0,3186.0,254.0,235.0,329.0,23.080637373249637,-0.3039941413565778,0.30425608690235983,0.7107133572270131,0.8639804828232611,0.3937389463990141,0.8232758620689655,high
24031705601,Census Tract 7056.01; Montgomery County; Maryland,3359.0,0.6,4.3,13.4,4.0,250001.0,3359.0,2295.0,137.0,137.0,386.0,31.676094075617744,-0.9204417687096952,-0.5358702182791145,-0.41802902384186574,-1.2475885836465404,-0.7804823986193039,0.021551724137931036,low
24031705602,Census Tract 7056.02; Montgomery County; Maryland,3930.0,19.9,9.5,45.9,15.6,129625.0,3930.0,2609.0,226.0,288.0,628.0,33.61323155216285,1.507607049232175,0.33786113910961874,2.799876887100113,1.3307483817271117,1.4940233642922547,0.9741379310344828,high
24031705701,Census Tract 7057.01; Montgomery County; Maryland,4837.0,6.2,4.9,17.4,5.3,205000.0,4837.0,3651.0,297.0,365.0,331.0,24.519330163324376,-0.21593019459184673,-0.43505506165733754,-0.021979065572083883,-0.9586370271822517,-0.40790033725087993,0.2629310344827586,moderate_low
24031705702,Census Tract 7057.02; Montgomery County; Maryland,4855.0,0.6,2.3,25.6,9.4,222125.0,4855.0,3676.0,35.0,277.0,651.0,24.284243048403706,-0.9204417687096952,-0.8719207403517043,0.7899233488809696,-0.04732827217949526,-0.2624418580899813,0.4353448275862069,moderate_low
24031705800,Census Tract 7058; Montgomery County; Maryland,6126.0,2.4,2.0,21.3,5.3,247207.0,6126.0,4733.0,271.0,460.0,231.0,22.739144629448255,-0.6939916198861009,-0.9223283186625927,0.36416964374095384,-0.9586370271822517,-0.552696830497498,0.11637931034482758,low
24031705901,Census Tract 7059.01; Montgomery County; Maryland,4262.0,9.5,3.4,25.9,7.4,250001.0,4262.0,2964.0,228.0,587.0,383.0,30.45518535898639,0.19922841158474247,-0.68709295321178,0.819627095751203,-0.49186912827840085,-0.04002664353855885,0.5948275862068966,moderate_high
24031705902,Census Tract 7059.02; Montgomery County; Maryland,4199.0,1.8,1.0,21.1,7.7,250001.0,4199.0,2831.0,70.0,605.0,324.0,32.57918552036199,-0.7694750028272991,-1.0903535796988875,0.3443671458274648,-0.42518799986356504,-0.4851623591405717,0.17672413793103448,low
24031705903,Census Tract 7059.03; Montgomery County; Maryland,4764.0,2.5,2.7,21.0,5.9,250001.0,4764.0,2816.0,52.0,1169.0,377.0,40.890008396305625,-0.681411056062568,-0.8047106359371863,0.3344658968707201,-0.82527477035258,-0.4942326413704035,0.15948275862068967,low
24031706005,Census Tract 7060.05; Montgomery County; Maryland,4390.0,0.7,1.9,30.3,7.3,250001.0,4390.0,2617.0,74.0,1253.0,282.0,40.3872437357631,-0.9078612048861621,-0.9391308447662222,1.2552820498479635,-0.5140961710833463,-0.2764515427219417,0.4224137931034483,moderate_low
24031706007,Census Tract 7060.07; Montgomery County; Maryland,7301.0,2.8,2.2,27.3,6.6,229620.0,7301.0,4141.0,278.0,1902.0,429.0,43.28174222709218,-0.643669364591969,-0.8887232664553337,0.9582445811456269,-0.6696854707179632,-0.31095838015490973,0.3620689655172414,moderate_low
24031706008,Census Tract 7060.08; Montgomery County; Maryland,5353.0,3.2,3.1,26.1,6.8,250001.0,5353.0,3595.0,85.0,921.0,201.0,32.8413973472819,-0.593347109297837,-0.7375005315226683,0.8394295936646924,-0.6252313851080726,-0.27916235806597134,0.40948275862068967,moderate_low
24031706009,Census Tract 7060.09; Montgomery County; Maryland,5148.0,0.5,4.1,23.1,6.3,250001.0,5148.0,3690.0,152.0,627.0,408.0,28.321678321678323,-0.9330223325332281,-0.5694752704863736,0.5423921249623558,-0.736366599132799,-0.42411801929751125,0.22844827586206898,low
24031706010,Census Tract 7060.10; Montgomery County; Maryland,2981.0,2.2,2.9,21.7,7.2,211923.0,2981.0,1325.0,403.0,931.0,224.0,55.551828245555186,-0.719152747533167,-0.7711055837299274,0.4037746395679319,-0.5363232138882914,-0.40570172639586355,0.2672413793103448,moderate_low
24031706011,Census Tract 7060.11; Montgomery County; Maryland,5705.0,0.6,2.5,20.7,10.8,250001.0,5705.0,3045.0,238.0,1097.0,1112.0,46.625766871165645,-0.9204417687096952,-0.8383156881444452,0.3047621500004864,0.2638503270897387,-0.2975362449409788,0.375,moderate_low
24031706012,Census Tract 7060.12; Montgomery County; Maryland,3200.0,18.3,19.7,27.8,26.0,67452.0,3200.0,1289.0,456.0,753.0,606.0,59.71875,1.3063180280556472,2.051718801679826,1.0077508259293497,3.6423608334414213,2.002037122276561,0.9870689655172413,high
24031706013,Census Tract 7060.13; Montgomery County; Maryland,3024.0,0.7,1.5,22.4,11.1,250001.0,3024.0,1652.0,413.0,510.0,129.0,45.370370370370374,-0.9078612048861621,-1.00634094918074,0.4730833822651437,0.3305314555045743,-0.27764682907429605,0.41810344827586204,moderate_low
